company,contact_name,contact_role,email,phone,website,priority,outreach_angle,first_message
Pure Lettings,Trevor Doran,Managing Director,info@pure-lettings.co.uk,01689 400100,https://www.pure-lettings.co.uk/,A,"Independent lettings and management agency; likely recurring admin across maintenance, compliance, renewals, and landlord updates.","Hi Trevor, I work with UK letting agencies to reduce the manual admin around maintenance coordination, contractor chasing, invoice capture, and landlord updates. Pure Lettings looks like the kind of team where a few workflow automations could save a meaningful amount of ops time each week. If useful, I can show you a simple example of how this would work for a lettings business like yours on a short call."
View Lettings,Oliver Newbery,Director & Co-founder,info@viewlettings.com,02073788696,https://www.viewlettings.com/,A,"Founder-led central London agency; likely pain around lead routing, tenant onboarding, and maintenance follow-up.","Hi Oliver, I build automations for service businesses that have too much operational work sitting between inboxes, spreadsheets, and property systems. Looking at View Lettings, I suspect things like maintenance follow-up, tenant onboarding, and internal handoffs could be tightened up quite a bit. Happy to show you a practical workflow example if a 20-minute conversation would be useful."
View Lettings,Nathan Coveney,Director & Co-founder,info@viewlettings.com,02073788696,https://www.viewlettings.com/,A,"Second founder contact for the same agency; useful for A/B testing a founder-focused message.","Hi Nathan, I help UK letting agencies automate the repetitive chains that eat time every week, especially maintenance coordination, updates, and back-office follow-up. View Lettings looks like a strong fit for that kind of work. If you're open to it, I can walk you through a simple example of how an automation stack could save your team hours without changing the service experience."
David English Ltd,David English,Founder / Principal,hello@denglish.co.uk,0203 758 4490,https://denglish.co.uk/,A,"Owner-led West London agency; direct decision-maker and likely shorter sales cycle.","Hi David, I run Molyx and help small UK agencies automate repetitive operational work using AI and n8n. For a business like yours, the obvious opportunities are usually maintenance requests, tenant onboarding, renewal reminders, and landlord reporting. If helpful, I can map out where the quickest time savings would be in your current workflow on a short call."
Oaktree (West London) Ltd,,,enquiries@oaktreewestlondon.co.uk,020 8997 8533,https://www.oaktreewestlondon.co.uk/,A,"Established independent agency with broad management services; strong fit for ops and approval workflow automation.","Hi, I work with UK service businesses to automate the repetitive admin that slows down response times and drains team capacity. Oaktree's lettings and management offering suggests there may be a lot of manual coordination behind the scenes, especially around maintenance, landlord communication, and internal approvals. If useful, I can share a practical example of how that can be streamlined."
Kinleys,,,lettings@kinleys.co.uk,020 8050 9959,https://www.kinleys.co.uk/,B,"Lettings and management specialist with clear service fit; generic inbox lowers priority slightly.","Hi, I help UK letting agencies automate operational workflows that are still being managed manually across inboxes and property systems. Kinleys looks like a strong fit for work around maintenance coordination, compliance reminders, and landlord updates. If useful, I can send over a simple example workflow or talk through where the biggest time savings usually sit."
The Letting Agency London,,,info@tla-london.co.uk,020 8234 6874,https://www.tla-london.co.uk/,B,"Property management-heavy positioning; good fit but no named contact yet.","Hi, I help letting agencies reduce the admin load behind property management by automating the repetitive chains around maintenance, contractor communication, invoice handling, and landlord updates. The Letting Agency London looks like the sort of business where that could have a real impact. If useful, I can show what a simple implementation would look like."
FoundFirst,,,info@foundfirst.eu,0208 807 4050,https://www.foundfirst.eu/,B,"Messaging suggests active maintenance support; likely pain around round-the-clock coordination.","Hi, I work with UK property businesses to automate the repetitive operational work that builds up around tenant issues and maintenance requests. FoundFirst's positioning around hands-on service suggests there may be a lot of coordination happening manually each week. If useful, I can show you a simple workflow that handles reporting, contractor follow-up, and status updates automatically."
Home Hunters Ltd,,,info@homehunters.org.uk,07441 437676,https://homehunters.org.uk/,B,"Property management and guaranteed rent model likely creates repetitive landlord and tenant admin.","Hi, I help small UK property businesses save time by automating the workflows that usually live across email, spreadsheets, and admin systems. For a business like Home Hunters, that often means maintenance handling, tenant communication, and landlord reporting. Happy to outline where the quickest wins usually are if a short conversation would help."
Bright Letting,,,info@brightletting.com,07546273346,https://brightletting.com/,B,"Lettings plus renovation services implies cross-team coordination and follow-up overhead.","Hi, I help agencies and property businesses automate the repetitive work that sits behind client service, especially when multiple suppliers or moving parts are involved. Bright Letting looks like it may have exactly that kind of coordination load across lettings and renovation activity. If useful, I can show a practical example of how those handoffs can be automated."
